Filename,Category,ArtworkName,Year,Title,LinkLabel,Link
phuketbeach.jpg,THAILAND,Phuket Beach,2026,thailand phuket beach dolphin town star moon hills city, Shop this Design, https://www.redbubble.com/shop/ap/182002973
jettyroadbrighton.jpg,AERIAL TOWNS,Jetty Road Brighton,2021,jetty road brighton beach aerial town city, Shop Jetty Road Brighton, https://www.redbubble.com/shop/ap/123324857
henleysquare.jpg,AERIAL TOWNS,Henley Square,2024,henley square beach aerial town city,Shop Henley,https://www.redbubble.com/shop/ap/165480514
cocktailsandcockatoos.jpg,WHITSUNDAYS,Cocktails and Cockatoos,2025, hayman island warmer waters paradise resort cockatoo lady helicopter turtle cocktail pool,prints and more,https://www.redbubble.com/shop/ap/171000341
adelaidecitysunset.jpg,AERIAL TOWNS,Adelaide City Sunset,2024,adelaide city sunset skyline buildings town South Australia,Shop Adelaide by Azzurro, XXXXXXX
santicouple.jpg,STORYBOOK,TWO OF CUPS,2024,henley beach santi santi's,Private Commission,XXXXXX
threeeyedcockatoo.jpg,WHITSUNDAYS,ARRRK!,2026,whitsundays cockatoo bird nature animal,Prints and more,https://www.redbubble.com/shop/ap/178589133
semaphore.jpg,AERIAL TOWNS,Jetty Road Semaphore,2024,semaphore aerial town city suburb,Shop Semaphore,XXXXXXX
lookslikeluxury.jpg,WHITSUNDAYS,Looks Like Luxury,2025,whitsundays hayman resort luxury, Prints and More, XXXXXXXX
downtown.jpg,ADELAIDE,Downtown Hindley Street,2024,adelaide hindley street downtown city sunset night,Shop Downtown,XXXXXXXXX
dunlucemorning.jpg,AERIAL TOWNS,Dunluce Avenue Morning,2026,dunluce avenue brighton beach ave town,Prints and More,XXXXXXXXX
